t,pid,rss_kb,hwm_kb,fds,threads,cpu_ticks,ipc_ms,windows,standins,restarts,foot_alive
0,17286,137380,137380,21,10,12,0.1,0,0,0,0
20,17286,162440,162440,42,11,348,0.1,6,1,0,5
41,17286,190280,191496,74,11,882,0.2,16,3,0,14
61,17286,205796,205796,90,11,1393,0.1,19,2,0,17
81,17286,213148,215800,94,11,1769,0.2,20,2,0,18
101,17286,214080,215800,90,11,2200,0.3,19,2,0,17
121,17286,208544,215800,81,11,2471,0.4,18,3,0,16
142,17286,203684,215800,70,11,2859,0.5,20,8,0,12
162,17286,203432,215800,70,11,3349,0.3,19,7,0,13
182,17286,214068,215800,82,11,3952,0.3,19,4,0,15
203,17286,222936,222936,88,11,4393,12.2,18,1,0,18
223,17286,212988,226004,63,11,4768,1.3,12,0,0,12
244,17286,217336,226004,81,11,5244,0.4,17,1,0,16
264,17286,226328,228756,89,11,5742,0.5,18,1,0,17
285,17286,222748,231064,82,11,6095,0.2,20,4,0,16
305,17286,217748,231064,71,11,6402,0.3,18,5,0,13
325,17286,218136,231064,73,11,6940,0.4,19,4,0,16
346,17286,207352,231064,65,11,7525,0.6,19,5,0,15
366,17286,211448,231064,67,11,8129,2.4,19,4,0,16
387,17286,205652,231064,56,11,8432,0.4,18,7,0,11
407,17286,209624,231064,59,11,8888,0.5,19,7,0,12
427,17286,215476,231064,65,11,9382,0.3,20,8,0,12
447,17286,213364,231064,68,11,9726,0.4,20,8,0,12
468,17286,211088,231064,63,11,10316,0.4,19,8,0,11
488,17286,206992,231064,54,11,10694,0.2,19,10,0,9
508,17286,214584,231064,60,11,11200,0.3,20,8,0,12
529,17286,214412,231064,54,11,11752,1.2,17,7,0,10
549,17286,218924,231064,55,11,12317,0.2,19,9,0,10
569,17286,223576,231064,61,11,12741,0.3,19,7,0,13
589,17286,221276,231064,55,11,13388,0.4,19,8,0,12
610,17286,225792,231064,55,11,13983,0.4,20,10,0,10
630,17286,229236,231064,62,11,14490,0.3,20,8,0,12
650,17286,227912,231064,67,11,14873,0.3,19,6,0,13
671,17286,232408,233628,71,11,15273,0.2,18,3,0,15
691,17286,232632,239056,65,11,15759,0.3,18,4,0,14
711,17286,230840,239056,65,11,16356,3.4,18,5,0,13
731,17286,222840,239056,53,11,16725,0.2,19,9,0,11
751,17286,225152,239056,61,11,17273,0.3,20,7,0,13
771,17286,226972,239056,65,11,17813,0.3,20,7,0,13
792,17286,226344,239056,52,11,18216,0.3,19,10,0,10
812,17286,227260,239056,65,11,18763,0.3,20,8,0,12
832,17286,227344,239056,68,11,19349,0.7,20,8,0,12
852,17286,227304,239056,61,11,19891,0.5,19,8,0,12
872,17286,230844,239056,60,11,20513,0.3,19,7,0,12
892,17286,236420,239056,68,11,21348,0.6,20,5,0,14
912,17286,219820,239056,50,11,21842,0.5,20,11,0,9
933,17286,217064,239056,55,11,22196,0.4,19,10,0,10
953,17286,222576,239056,73,11,22661,0.3,19,6,0,13
973,17286,222528,239056,70,11,23102,0.6,19,7,0,12
994,17286,224168,239056,70,11,23464,0.3,20,7,0,13
1014,17286,222828,239056,71,11,23865,0.3,19,5,0,14
1035,17286,221064,239056,67,11,24261,0.2,19,6,0,13
1055,17286,225872,239056,65,11,24663,0.8,20,8,0,12
1076,17286,229332,239056,68,11,25147,0.3,19,5,0,14
1096,17286,234944,239056,67,11,25600,0.5,18,4,0,14
1117,17286,236148,239056,70,11,26119,0.3,19,5,0,14
1137,17286,233596,239056,73,11,26595,0.2,19,4,0,15
1157,17286,229224,239056,67,11,27181,0.3,20,6,0,14
1177,17286,224356,239056,48,11,27647,0.3,17,9,0,9
1197,17286,222800,239056,49,11,28054,0.4,19,10,0,9
1218,17286,223572,239056,58,11,28549,0.5,19,8,0,11
1238,17286,225400,239056,67,11,28997,0.2,20,6,0,14
1258,17286,227196,239056,68,11,29524,55.7,20,6,0,14
1278,17286,232620,239056,69,11,29930,0.2,20,6,0,14
1298,17286,237400,239848,72,11,30444,0.5,18,2,0,17
1318,17286,233812,242964,70,11,30957,1.2,19,4,0,16
1338,17286,233552,242964,70,11,31460,0.3,20,7,0,13
1359,17286,225768,242964,62,11,31740,0.4,16,5,0,12
1379,17286,233712,242964,70,11,32260,0.1,20,6,0,14
1399,17286,231184,242964,57,11,32637,0.4,18,7,0,12
1420,17286,234736,242964,63,11,33165,0.2,19,6,0,13
1440,17286,240084,242964,73,11,34106,0.4,20,4,0,16
1460,17286,231964,242964,73,11,34471,1.1,19,4,0,15
1480,17286,240484,242964,77,11,35093,1.7,19,3,0,16
1500,17286,220228,242964,69,11,35574,0.3,18,4,0,14
1521,17286,221092,242964,67,11,36016,0.5,18,4,0,15
1541,17286,224676,242964,72,11,36499,0.2,20,4,0,16
1561,17286,220140,242964,64,11,36948,0.3,19,6,0,13
1581,17286,224456,242964,61,11,37272,0.2,20,7,0,13
1602,17286,228736,242964,67,11,37691,0.2,19,5,0,14
1622,17286,223920,242964,60,11,38270,0.3,18,7,0,11
1642,17286,221996,242964,57,11,38736,3.2,19,8,0,11
1663,17286,221540,242964,57,11,38981,0.9,19,8,0,12
1683,17286,222492,242964,60,11,39314,0.5,18,7,0,12
1704,17286,228004,242964,69,11,39776,0.2,19,6,0,13
1725,17286,222392,242964,77,11,40075,0.3,19,4,0,15
1745,17286,224572,242964,73,11,40575,0.5,20,7,0,13
1765,17286,225024,242964,61,11,41025,0.3,17,7,0,11
1785,17286,226616,242964,72,11,41363,0.2,20,6,0,14
1806,17286,231932,242964,64,11,41886,0.3,18,5,0,13
1826,17286,234684,242964,78,11,42301,0.2,19,3,0,16
1847,17286,235400,242964,76,11,42679,0.5,19,5,0,15
1867,17286,244856,247308,88,11,43071,4.4,19,2,0,18
1887,17286,245048,249528,90,11,43577,0.2,19,0,0,19
1908,17286,244720,249528,92,11,43932,0.3,20,0,0,20
1928,17286,242260,249528,71,11,44464,0.2,17,3,0,14
1949,17286,244332,249528,77,11,44921,0.3,19,3,0,16
1969,17286,238112,249528,67,11,45143,0.4,17,4,0,13
1990,17286,239340,249528,73,11,45698,6.6,20,4,0,16
2011,17286,230600,249528,73,11,46108,0.2,20,4,0,16
2031,17286,225824,249528,69,11,46562,0.2,20,5,0,15
2051,17286,232140,249528,68,11,46992,0.3,17,3,0,14
2072,17286,228352,249528,74,11,47477,0.4,20,4,0,16
2092,17286,221520,249528,61,11,47874,0.5,18,6,0,12
2112,17286,233828,249528,57,11,48230,0.5,19,8,0,11
2133,17286,232096,249528,63,11,48622,0.2,19,6,0,13
2153,17286,235376,249528,71,11,49085,3.5,19,4,0,16
2173,17286,241804,249528,72,11,49555,0.4,18,3,0,16
2194,17286,246332,249528,88,11,50015,0.4,20,1,0,19
2214,17286,244768,249528,84,11,50473,0.4,20,2,0,18
2234,17286,242776,249528,79,11,50855,0.2,18,2,0,16
2255,17286,240532,249528,73,11,51142,0.4,19,4,0,16
2275,17286,244948,249528,78,11,51704,1.2,19,2,0,17
2296,17286,247092,249528,74,11,52035,0.4,20,4,0,16
2316,17286,238456,249528,62,11,52634,0.3,19,7,0,13
2336,17286,241448,249528,63,11,53347,0.3,20,8,0,12
2357,17286,235676,249528,49,11,53718,3.5,19,11,0,9
2377,17286,230668,249528,61,11,54214,0.3,20,8,0,12
2398,17286,233536,249528,70,11,54718,0.3,19,4,0,15
2418,17286,240772,249528,73,11,55084,38.0,19,3,0,16
2438,17286,244392,249528,72,11,55623,0.4,19,3,0,16
2458,17286,243836,249528,71,11,56276,0.2,19,3,0,16
2478,17286,243596,249528,68,11,56881,0.4,19,4,0,15
2499,17286,238704,249528,64,11,57362,5.1,18,7,0,12
2519,17286,239240,249528,70,11,58000,0.5,18,6,0,13
2540,17286,243760,249528,81,11,58521,0.2,18,3,0,15
2560,17286,237212,249528,75,11,58988,0.2,19,5,0,14
2580,17286,236864,249528,70,11,59395,0.2,19,6,0,13
2601,17286,237088,249528,66,11,59931,0.4,19,7,0,12
2621,17286,228432,249528,50,11,60349,1.3,17,9,0,8
2642,17286,236760,249528,60,11,60755,0.2,18,6,0,12
2662,17286,233340,249528,67,11,61299,0.2,19,6,0,13
2682,17286,237840,249528,77,11,61861,0.3,20,5,0,15
2703,17286,240620,249528,72,11,62369,0.6,17,3,0,14
2724,17286,242736,249528,95,11,62748,0.5,20,0,0,20
2744,17286,241448,249528,87,11,63228,0.4,19,1,0,19
2764,17286,242032,249528,76,11,63639,10.8,19,3,0,16
2785,17286,240600,249528,68,11,64127,4.0,18,4,0,14
2805,17286,240704,249528,76,11,64630,0.5,19,3,0,17
2825,17286,234388,249528,73,11,65032,0.8,19,4,0,16
2846,17286,239020,249528,70,11,65383,0.4,19,6,0,13
2867,17286,236512,249528,69,11,65821,0.4,19,6,0,14
2887,17286,236484,249528,73,11,66252,0.5,19,4,0,15
2907,17286,236008,249528,67,11,66661,0.3,16,3,0,13
2927,17286,242572,249528,77,11,67098,0.4,19,3,0,16
2948,17286,231920,249528,64,11,67504,0.4,16,3,0,13
2968,17286,239296,249528,74,11,67964,0.3,19,3,0,16
2988,17286,234036,249528,72,11,68456,0.3,19,5,0,14
3008,17286,237224,249528,79,11,68784,0.4,19,4,0,15
3028,17286,247212,249528,88,11,69153,1.8,20,3,0,17
3049,17286,249952,252348,73,11,69749,0.3,19,4,0,15
3069,17286,247300,252348,76,11,70161,1.2,19,2,0,17
3089,17286,241856,252348,67,11,70525,2.0,18,4,0,14
3109,17286,243856,252348,78,11,70897,1.0,20,5,0,15
3129,17286,239932,252348,72,11,71219,0.6,19,5,0,15
3150,17286,237780,252348,63,11,71765,0.7,19,7,0,12
3170,17286,235588,252348,59,11,72116,0.2,19,8,0,11
3190,17286,222100,252348,63,11,72500,0.8,19,7,0,12
3210,17286,228344,252348,61,11,72921,28.8,19,7,0,12
3231,17286,233392,252348,60,11,73472,0.2,19,8,0,11
3251,17286,240784,252348,70,11,74071,2.7,20,6,0,14
3272,17286,246188,252348,77,11,74516,0.4,20,4,0,16
3293,17286,239144,252348,53,11,74803,0.2,16,7,0,9
3313,17286,229120,252348,58,11,75277,9.6,16,5,0,11
3333,17286,229320,252348,63,11,75706,0.3,19,7,0,13
3354,17286,228716,252348,68,11,76199,0.3,19,5,0,14
3374,17286,234148,252348,75,11,76606,0.2,20,4,0,16
3395,17286,234872,252348,76,11,76964,0.3,19,4,0,16
3415,17286,239744,252348,76,11,77400,0.1,20,6,0,14
3436,17286,232656,252348,84,11,77706,0.3,19,3,0,17
3456,17286,236724,252348,86,11,78269,0.3,20,4,0,16
3476,17286,232196,252348,78,11,78668,0.4,19,4,0,15
3496,17286,241668,252348,74,11,79121,8.2,17,2,0,15
3517,17286,236504,252348,74,11,79610,0.3,20,4,0,16
3537,17286,236256,252348,61,11,80056,0.2,19,7,0,12
3557,17286,236808,252348,57,11,80518,5.5,16,5,0,11
3577,17286,236876,252348,59,11,80971,0.2,16,5,0,11
3598,17286,236588,252348,55,11,81378,0.6,17,7,0,10
3618,17286,235536,252348,62,11,81690,0.3,18,5,0,13
3638,17286,245772,252348,64,11,82242,0.3,20,6,0,14
3659,17286,250660,252896,70,11,82682,0.3,19,4,0,15
3680,17286,250640,252896,75,11,83076,0.9,20,4,0,16
3700,17286,250312,252896,63,11,83464,0.3,18,5,0,14
3720,17286,252376,253828,77,11,83913,0.4,20,3,0,17
3740,17286,250768,253828,71,11,84238,0.5,19,4,0,15
3760,17286,250880,256744,71,11,84564,0.5,17,2,0,15
3781,17286,252020,260744,83,11,85176,0.4,19,0,0,19
3801,17286,256280,264256,82,11,85551,0.3,19,2,0,18
3822,17286,249056,264256,79,11,86102,0.2,19,4,0,15
3842,17286,248116,264256,79,11,86447,0.4,20,5,0,15
3863,17286,239972,264256,78,11,86853,0.5,20,4,0,16
3883,17286,242416,264256,82,11,87245,1.1,20,2,0,18
3903,17286,241440,264256,85,11,87703,0.9,20,3,0,17
3924,17286,246272,264256,79,11,88305,0.5,19,4,0,15
3944,17286,238428,264256,69,11,88614,0.7,19,6,0,13
3964,17286,244372,264256,79,11,88919,0.7,20,3,0,17
3984,17286,245312,264256,72,11,89349,0.2,19,4,0,15
4005,17286,250212,264256,80,11,89741,0.2,19,2,0,17
4025,17286,255512,264256,83,11,90272,0.5,20,2,0,18
4045,17286,250472,264256,81,11,90830,0.4,20,2,0,18
4066,17286,241248,264256,75,11,91281,0.3,18,2,0,16
4087,17286,251904,264256,84,11,91761,0.7,20,1,0,19
4107,17286,251556,264256,84,11,92072,0.2,18,0,0,18
4127,17286,238848,264256,71,11,92509,0.7,19,4,0,16
4147,17286,231000,264256,70,11,92869,0.2,19,4,0,15
4168,17286,229796,264256,63,11,93114,1.7,17,4,0,13
4188,17286,235356,264256,68,11,93429,0.3,19,5,0,14
4208,17286,239672,264256,78,11,93895,0.5,19,2,0,18
4228,17286,245576,264256,80,11,94277,0.2,20,4,0,16
4248,17286,243280,264256,75,11,94720,0.1,18,4,0,14
4268,17286,256156,264256,92,11,95144,0.2,19,1,0,18
4289,17286,249760,264256,86,11,95591,0.4,20,4,0,16
4309,17286,248904,264256,86,11,95989,0.1,20,4,0,16
4329,17286,252068,264256,85,11,96521,0.4,18,2,0,17
4349,17286,245716,264256,78,11,97192,0.2,20,5,0,15
4369,17286,248284,264256,79,11,97654,0.9,19,2,0,17
4389,17286,249896,264256,81,11,98081,0.4,20,3,0,17
4409,17286,246652,264256,82,11,98515,0.4,19,2,0,17
4430,17286,244240,264256,80,11,98924,0.3,19,2,0,17
4450,17286,237600,264256,62,11,99382,0.4,19,6,0,13
4470,17286,238820,264256,63,11,99662,0.1,19,7,0,12
4490,17286,234104,264256,57,11,100020,0.5,17,6,0,12
4511,17286,244760,264256,66,11,100368,0.2,20,6,0,14
4531,17286,244016,264256,69,11,100754,0.4,20,5,0,15
4551,17286,246160,264256,74,11,101285,2.3,18,3,0,15
4571,17286,245260,264256,79,11,101605,0.6,19,4,0,16
4592,17286,241888,264256,91,11,101807,0.2,20,2,0,18
4612,17286,244360,264256,97,11,102090,0.2,19,0,0,19
4632,17286,250864,264256,101,11,102518,0.3,20,0,0,20
4652,17286,249356,264256,93,11,102891,0.2,20,2,0,18
4672,17286,250976,264256,82,11,103337,0.3,19,4,0,15
4693,17286,244188,264256,78,11,103860,0.3,19,5,0,14
4713,17286,237268,264256,67,11,104232,9.0,20,8,0,12
4733,17286,239140,264256,72,11,104592,0.5,20,7,0,13
4754,17286,234276,264256,62,11,104886,0.2,16,6,0,10
4774,17286,248208,264256,88,11,105517,0.4,20,3,0,17
4794,17286,240376,264256,85,11,106006,0.3,19,3,0,17
4815,17286,243904,264256,90,11,106411,0.1,20,3,0,17
4835,17286,241256,264256,78,11,106727,0.3,20,5,0,15
4855,17286,240328,264256,78,11,107032,1.6,20,5,0,15
4875,17286,239864,264256,73,11,107500,0.2,19,6,0,13
4895,17286,244468,264256,81,11,107868,4.7,19,4,0,15
4916,17286,240096,264256,77,11,108359,0.4,18,4,0,15
4936,17286,236192,264256,68,11,108654,0.3,17,5,0,12
4956,17286,240884,264256,77,11,109023,0.4,19,5,0,14
4976,17286,249712,264256,85,11,109443,0.2,19,3,0,16
4996,17286,254676,264256,89,11,109799,0.2,18,1,0,17
5017,17286,248708,264256,82,11,110243,36.2,19,5,0,15
5037,17286,247968,264256,77,11,110693,0.3,20,6,0,14
5057,17286,248116,264256,76,11,111228,40.7,20,6,0,14
5078,17286,238876,264256,73,11,111641,0.1,20,6,0,14
5098,17286,239700,264256,65,11,112043,0.3,18,6,0,12
5118,17286,257612,264256,73,11,112389,0.4,20,6,0,14
5138,17286,247788,264256,67,11,112780,0.3,19,7,0,12
5158,17286,249376,264256,72,11,113121,0.3,20,7,0,13
5179,17286,254804,264256,74,11,113532,0.3,18,4,0,14
5200,17286,255364,264256,73,11,113957,0.3,20,5,0,15
5220,17286,255248,264256,73,11,114356,0.2,20,5,0,15
5240,17286,256452,264256,79,11,114873,0.4,18,2,0,17
5260,17286,254192,264256,82,11,115303,0.5,18,2,0,16
5281,17286,257608,264256,91,11,115852,0.2,19,1,0,18
5301,17286,254644,264256,75,11,116263,0.5,19,5,0,14
5322,17286,241624,264256,79,11,116699,0.7,19,3,0,17
5342,17286,238184,264256,79,11,116974,0.2,19,4,0,15
5363,17286,236628,264256,80,11,117357,1.4,20,5,0,15
5383,17286,236404,264256,67,11,117790,0.2,20,8,0,12
5404,17286,242496,264256,80,11,118207,7.3,20,5,0,15
5424,17286,245576,264256,68,11,118556,0.4,19,6,0,14
5444,17286,247344,264256,56,11,119064,0.4,20,9,0,11
5465,17286,249108,264256,63,11,119526,0.2,20,8,0,12
5485,17286,255904,264256,71,11,119909,0.2,20,6,0,14
5505,17286,256636,264256,70,11,120320,0.5,18,4,0,14
5526,17286,256796,264256,75,11,120723,0.4,19,4,0,15
5546,17286,261428,266204,68,11,121289,0.3,19,5,0,14
5566,17286,258212,266204,77,11,121771,0.4,20,4,0,16
5586,17286,240980,266204,47,11,122153,0.7,17,10,0,8
5606,17286,250796,266204,68,11,122448,0.4,20,8,0,12
5627,17286,251052,266204,66,11,122802,1.3,19,8,0,11
5647,17286,247684,266204,73,11,123292,0.4,19,6,0,13
5667,17286,250352,266204,69,11,123854,0.3,18,6,0,13
5687,17286,263900,266204,97,11,124559,0.3,20,1,0,19
5708,17286,264524,269868,94,11,125281,0.6,19,1,0,19
5728,17286,252052,269868,75,11,125915,0.2,19,5,0,14
5749,17286,253256,269868,71,11,126487,0.2,20,7,0,13
5769,17286,249880,269868,70,11,126908,0.2,19,5,0,14
5789,17286,250172,269868,82,11,127273,0.2,20,4,0,16
5809,17286,248324,269868,76,11,127823,0.2,19,4,0,15
5829,17286,247160,269868,72,11,128532,0.2,17,2,0,15
5849,17286,247956,269868,71,11,129175,0.2,20,5,0,15
5870,17286,250056,269868,70,11,129574,0.2,20,6,0,14
5890,17286,245684,269868,57,11,129904,0.3,18,7,0,12
5910,17286,248056,269868,70,11,130506,0.8,20,5,0,15
5931,17286,252324,269868,71,11,130986,0.2,20,5,0,15
5951,17286,249792,269868,68,11,131378,0.5,20,6,0,14
5971,17286,233216,269868,51,11,131644,0.2,19,10,0,9
5991,17286,239980,269868,53,11,132195,0.2,20,10,0,10
6012,17286,242568,269868,53,11,132612,0.2,20,10,0,10
6032,17286,243008,269868,70,11,133024,0.3,20,6,0,14
6052,17286,246456,269868,84,11,133329,0.1,19,3,0,16
6073,17286,248452,269868,69,11,133652,0.2,18,5,0,13
6093,17286,259680,269868,79,11,134302,0.4,19,3,0,16
6114,17286,258944,269868,73,11,134998,0.3,19,4,0,15
6134,17286,249584,269868,63,11,135659,0.1,20,8,0,12
6154,17286,240752,269868,69,11,136205,0.2,19,7,0,12
6175,17286,245000,269868,63,11,136636,0.3,19,8,0,12
6195,17286,249352,269868,74,11,137048,0.2,19,4,0,15
6215,17286,250612,269868,70,11,137530,0.6,20,6,0,14
6236,17286,236264,269868,70,11,137894,0.2,20,5,0,15
6256,17286,235380,269868,67,11,138318,0.5,18,4,0,14
6277,17286,239812,269868,64,11,138835,0.6,16,4,0,12
6297,17286,236148,269868,64,11,139309,0.2,19,7,0,12
6317,17286,250828,269868,74,11,139675,0.2,20,6,0,14
6338,17286,252580,269868,73,11,140073,0.3,20,7,0,13
6358,17286,244192,269868,54,11,140514,4.3,18,10,0,9
6378,17286,245792,269868,67,11,140884,0.2,20,8,0,12
6398,17286,246932,269868,63,11,141262,0.8,19,7,0,12
6419,17286,250628,269868,55,11,141616,0.2,19,9,0,10
6439,17286,251488,269868,58,11,141980,0.5,20,9,0,11
6459,17286,256680,269868,67,11,142361,1.1,20,8,0,12
6480,17286,256172,269868,69,11,142796,4.0,18,6,0,13
6500,17286,253460,269868,86,11,143327,0.4,20,4,0,16
6520,17286,255012,269868,89,11,143894,0.7,20,3,0,17
6540,17286,258124,269868,85,11,144193,0.3,18,2,0,16
6560,17286,260956,269868,93,11,144600,4.4,19,0,0,19
6581,17286,263596,269868,94,11,145061,0.2,19,0,0,19
6602,17286,262252,269868,93,11,145425,0.3,18,0,0,19
6622,17286,272060,273292,95,11,145854,0.3,20,1,0,19
6642,17286,260484,273292,78,11,146283,1.4,19,2,0,17
6663,17286,258444,273292,69,11,146714,0.6,19,5,0,15
6683,17286,248472,273292,69,11,147232,0.4,20,5,0,15
6703,17286,255172,273292,72,11,147911,0.2,19,3,0,16
6724,17286,259544,273292,72,11,148324,0.4,19,3,0,17
6744,17286,259180,273292,74,11,148795,0.4,19,3,0,16
6765,17286,253916,273292,75,11,149209,1.4,20,3,0,17
6785,17286,245324,273292,69,11,149654,0.4,19,5,0,15
6805,17286,247324,273292,71,11,150000,0.2,19,5,0,14
6825,17286,247568,273292,60,11,150485,0.2,18,7,0,11
6845,17286,253380,273292,74,11,151014,0.3,20,4,0,16
6866,17286,249776,273292,73,11,151431,0.4,19,3,0,16
6886,17286,251424,273292,70,11,151773,0.3,20,4,0,16
6906,17286,248896,273292,71,11,152126,0.4,19,4,0,16
6926,17286,245488,273292,68,11,152516,0.5,19,7,0,12
6947,17286,250208,273292,77,11,152949,0.2,19,5,0,14
6967,17286,240452,273292,59,11,153271,0.2,17,7,0,10
6988,17286,249136,273292,69,11,153910,1.5,17,4,0,13
7008,17286,251436,273292,86,11,154341,0.4,19,2,0,17
7028,17286,250816,273292,80,11,154968,1.3,19,4,0,16
7049,17286,252160,273292,85,11,155541,0.3,19,3,0,17
7069,17286,245528,273292,80,11,155939,0.3,18,3,0,15
7089,17286,251128,273292,92,11,156357,0.4,20,2,0,18
7110,17286,242688,273292,80,11,156789,0.5,18,3,0,15
7131,17286,242880,273292,66,11,157201,0.3,17,5,0,12
7151,17286,239352,273292,67,11,157720,1.0,19,6,0,13
7171,17286,241324,273292,66,11,158077,0.2,19,6,0,13
7192,17286,241108,273292,66,11,158628,0.2,20,7,0,13
7212,17286,240764,273292,66,11,159150,0.2,20,7,0,13
7233,17286,243452,273292,67,11,159626,0.2,19,5,0,14
7253,17286,246800,273292,70,11,159975,0.4,19,4,0,16
7273,17286,250836,273292,73,11,160580,0.3,20,4,0,15
7294,17286,248224,273292,74,11,160975,0.3,18,4,0,14
7314,17286,256100,273292,94,11,161450,0.4,20,0,0,20
7334,17286,255228,273292,88,11,161911,0.6,19,1,0,19
7355,17286,258392,273292,87,11,162418,0.3,18,0,0,18
7375,17286,254132,273292,91,11,162793,0.4,19,1,0,19
7396,17286,249556,273292,89,11,163306,0.3,19,2,0,17
7416,17286,247888,273292,86,11,163738,0.2,19,2,0,17
7436,17286,240184,273292,69,11,164273,0.2,19,6,0,13
7456,17286,243188,273292,66,11,164761,0.3,19,7,0,13
7477,17286,242888,273292,69,11,165226,0.5,18,5,0,14
7497,17286,247584,273292,74,11,165751,1.1,20,5,0,15
7517,17286,248124,273292,68,11,166229,0.2,20,6,0,14
7537,17286,251340,273292,68,11,166699,0.3,19,5,0,15
7558,17286,250176,273292,68,11,167229,0.4,19,5,0,14
7578,17286,245840,273292,62,11,167465,0.3,16,5,0,11
7598,17286,252520,273292,73,11,167876,0.4,20,6,0,14
7619,17286,239968,273292,57,11,168167,0.8,18,8,0,10
7639,17286,250724,273292,71,11,168678,0.2,20,6,0,14
7660,17286,243280,273292,71,11,169329,0.2,20,7,0,13
7680,17286,242096,273292,77,11,170118,0.3,18,4,0,14
7700,17286,242556,273292,65,11,170477,0.4,19,7,0,12
7721,17286,231880,273292,52,11,170908,0.6,18,9,0,10
7741,17286,234636,273292,52,11,171365,3.1,19,10,0,9
7761,17286,231752,273292,51,11,171867,0.4,20,12,0,8
7782,17286,234600,273292,57,11,172475,0.3,19,10,0,9
7802,17286,238060,273292,61,11,173017,0.3,19,9,0,10
7822,17286,240388,273292,75,11,173616,0.2,20,5,0,15
7843,17286,245348,273292,80,11,173918,0.5,19,3,0,17
7863,17286,250272,273292,85,11,174459,1.0,19,2,0,17
7883,17286,252604,273292,83,11,175148,0.3,19,2,0,17
7903,17286,251984,273292,80,11,175783,0.2,19,2,0,17
7923,17286,245272,273292,65,11,176215,0.3,19,7,0,12
7943,17286,241788,273292,49,11,176823,0.2,20,12,0,8
7964,17286,241128,273292,51,11,177303,0.2,20,11,0,9
7984,17286,245792,273292,71,11,177709,1.1,19,6,0,13
8004,17286,246796,273292,66,11,178106,0.3,18,5,0,13
8024,17286,243756,273292,69,11,178585,0.2,19,5,0,14
8045,17286,242760,273292,68,11,179093,7.9,19,5,0,15
8065,17286,252580,273292,79,11,179572,0.2,20,3,0,17
8085,17286,254284,273292,81,11,180128,0.3,20,3,0,17
8105,17286,255492,273292,81,11,180620,0.2,19,2,0,17
8126,17286,253224,273292,85,11,180966,0.2,20,3,0,17
8146,17286,245244,273292,75,11,181343,0.2,18,4,0,14
8166,17286,251008,273292,78,11,181832,0.2,20,6,0,14
8186,17286,250764,273292,77,11,182500,0.2,18,4,0,14
8206,17286,254844,273292,90,11,182919,0.4,19,2,0,18
8226,17286,248728,273292,81,11,183400,0.4,19,4,0,16
8247,17286,259508,273292,98,11,183898,0.2,20,1,0,19
8267,17286,258396,273292,89,11,184267,0.5,18,1,0,18
8287,17286,255672,273292,83,11,184870,0.3,18,2,0,16
8308,17286,256444,273292,83,11,185467,0.6,20,2,0,18
8328,17286,250780,273292,78,11,185872,0.2,20,3,0,17
8348,17286,254484,273292,76,11,186455,0.3,20,3,0,17
8368,17286,253120,273292,74,11,187036,24.7,19,3,0,17
8388,17286,252596,273292,78,11,187386,0.7,18,3,0,15
8409,17286,257996,273292,88,11,187895,0.3,20,3,0,17
8429,17286,260368,273292,92,11,188517,0.2,19,1,0,18
8450,17286,250584,273292,81,11,188978,2.7,19,4,0,15
8470,17286,244584,273292,81,11,189516,0.3,19,4,0,15
8490,17286,259800,273292,82,11,190046,0.2,20,5,0,15
8510,17286,256984,273292,76,11,190393,0.2,19,5,0,14
8530,17286,243920,273292,50,11,190908,0.2,17,9,0,8
8551,17286,245352,273292,52,11,191378,0.6,19,10,0,10
8571,17286,229436,273292,44,11,191847,0.9,19,12,0,7
8591,17286,242288,273292,59,11,192626,1.0,20,8,0,12
8611,17286,249716,273292,68,11,193171,0.7,20,7,0,13
8631,17286,256608,273292,74,11,193548,1.0,18,5,0,13
8652,17286,247188,273292,71,11,193758,0.4,18,5,0,13
8672,17286,248752,273292,76,11,194182,0.3,19,3,0,16
8692,17286,245604,273292,78,11,194681,0.2,19,3,0,16
8713,17286,246876,273292,75,11,195112,0.4,19,4,0,15
8733,17286,245664,273292,73,11,195527,0.3,19,5,0,14
8753,17286,239328,273292,64,11,195833,0.4,17,5,0,12
8774,17286,246440,273292,74,11,196333,0.2,19,4,0,15
8794,17286,245376,273292,77,11,196775,0.5,20,6,0,14
8814,17286,244380,273292,73,11,197216,0.4,20,7,0,13
8834,17286,246124,273292,72,11,197693,0.2,20,7,0,13
8855,17286,246436,273292,74,11,198285,0.2,19,6,0,13
8875,17286,245888,273292,74,11,198935,0.4,19,6,0,13
8895,17286,245460,273292,77,11,199422,0.2,20,6,0,14
8915,17286,240016,273292,61,11,199793,0.5,18,8,0,10
8935,17286,241220,273292,65,11,200256,0.4,20,9,0,11
8956,17286,245640,273292,77,11,200573,0.2,19,5,0,14
8976,17286,247512,273292,72,11,201093,0.4,20,7,0,13
8996,17286,249360,273292,61,11,201658,0.2,20,9,0,11
9017,17286,249904,273292,61,11,202406,0.2,19,8,0,11
9037,17286,246244,273292,70,11,202918,0.2,20,6,0,14
