t,pid,rss_kb,hwm_kb,fds,threads,cpu_ticks,ipc_ms,windows,standins,starts,foot_alive,load1,xvfb_rss_kb,log_kb,session_bytes,session_entries
0,24739,134312,134312,22,10,13,0.1,0,0,1,0,1.89,22156,13,-1,-1
61,24739,158136,163508,89,11,479,0.4,19,0,1,20,3.29,19608,449,6105,19
124,24739,161272,163508,84,11,622,0.2,20,0,1,20,3.89,19612,492,6531,20
185,24739,161996,163508,78,11,741,0.2,19,0,1,19,4.19,19612,497,6284,19
245,24739,160824,163508,67,11,860,0.3,15,0,1,15,4.24,19612,502,5045,15
305,24739,161356,163508,78,11,999,0.2,19,0,1,19,4.54,19612,543,6282,19
366,24739,162736,164024,81,11,1383,0.3,20,0,1,20,4.68,19612,1039,6505,20
426,24739,162784,164024,81,11,1523,0.2,20,0,1,20,4.37,19612,1076,6439,20
487,24739,158372,164024,75,11,1868,0.6,18,0,1,19,2.10,19612,1572,6010,18
547,24739,158372,164024,81,11,2016,0.7,20,0,1,20,0.87,23612,1586,6513,20
611,18253,159592,162776,62,11,84,0.4,20,0,2,0,0.44,19928,1609,6652,20
671,18253,177924,183676,69,11,459,0.3,19,0,2,7,0.16,20288,1712,6360,19
731,18253,174948,218468,68,11,801,0.4,17,0,2,11,0.21,20296,2093,5644,17
792,18253,172448,218468,73,11,937,0.3,18,0,2,15,0.26,20296,2098,5964,18
852,18253,172448,218468,70,11,1075,0.4,17,0,2,16,0.59,20296,2112,5577,17
913,18253,172968,218468,75,11,1249,0.3,18,0,2,17,0.65,20296,2152,5888,18
973,18253,173100,218468,77,11,1394,0.5,19,0,2,19,0.48,20296,2166,6088,19
1033,18253,173100,218468,77,11,1541,0.4,19,0,2,18,0.22,20296,2172,6102,19
1094,18253,199580,218468,88,11,1826,0.4,19,0,2,20,0.55,20296,2302,6323,20
1155,18253,199580,218468,83,11,1999,0.4,19,0,2,19,0.42,24132,2331,6031,19
1216,4970,159404,162720,56,11,115,0.3,17,0,3,1,0.56,20568,2451,5439,17
1277,4970,203504,205780,74,11,760,0.4,18,1,3,8,2.31,20868,2459,5805,18
1337,4970,221660,221660,80,11,1599,0.5,20,2,3,10,3.59,20868,2466,6471,20
1397,4970,201988,221644,72,11,2361,0.3,16,1,3,9,4.18,20868,2495,5217,16
1458,4970,217896,225320,85,11,3035,0.3,19,0,3,17,3.68,20868,2543,6103,19
1518,4970,195740,225320,84,11,3419,0.3,20,0,3,19,1.70,20868,3048,6522,20
1579,4970,191460,225320,78,11,3590,0.4,18,0,3,18,1.38,20868,3074,5891,18
1640,4970,191460,225320,77,11,4131,0.2,18,0,3,18,3.30,20868,3834,5943,18
1700,4970,191584,225320,78,11,4256,0.4,19,0,3,19,3.02,20868,3839,6325,19
1760,18948,177472,181260,65,11,478,0.4,19,1,4,5,4.08,20700,4160,6241,19
1821,18948,443340,443340,66,11,934,0.6,17,0,4,8,3.25,20700,4218,5723,17
1881,18948,178584,442972,75,11,1490,0.2,20,0,4,14,3.37,20700,4510,6616,20
1941,31787,182788,185984,74,11,374,0.4,20,0,5,5,2.82,20696,4576,6543,20
2001,31787,180760,224104,76,11,705,0.3,19,0,5,11,1.84,20696,4868,6227,19
2062,31787,174440,224104,79,11,963,0.7,19,0,5,15,1.30,20696,5115,6365,19
2122,31787,172636,224104,77,11,1123,0.2,19,0,5,16,1.03,20696,5155,6301,19
2183,31787,183356,248064,78,11,1435,0.3,20,0,5,17,1.03,20696,5262,6547,20
2243,31787,175596,248064,75,11,1691,0.6,19,0,5,17,1.33,20696,5510,6287,19
2304,5799,178616,178616,63,11,142,0.4,20,1,6,1,3.03,20388,5779,6589,20
2365,5799,205672,205672,78,11,1002,0.4,19,0,6,7,2.11,20696,5785,6226,19
2426,5799,216072,217224,86,11,2055,1.4,19,1,6,12,1.85,20696,5888,6584,20
2487,5799,200908,217224,80,11,2231,0.2,18,0,6,15,1.83,20696,5908,6005,18
2547,5799,205924,224484,83,11,2628,0.3,20,0,6,17,1.81,20696,6304,6523,20
2607,5799,202876,334676,73,11,2971,4.2,18,0,6,16,1.60,20696,6389,6088,18
2667,5799,206844,334676,81,11,3259,0.5,20,0,6,19,1.73,20696,6592,6585,20
2727,5799,205476,334676,74,11,3521,0.5,18,0,6,18,1.58,20696,6829,6003,18
2787,5799,205476,334676,73,11,3655,3.8,17,0,6,18,1.87,20696,6832,5642,17
2849,5799,205476,334676,81,11,3819,0.2,20,0,6,20,1.55,20696,6838,6520,20
2909,5799,205476,334676,78,11,3974,1.7,19,0,6,19,1.37,20696,6844,6368,19
2969,5799,205540,334676,81,11,4231,0.3,20,0,6,20,0.85,20696,6983,6586,20
3030,5799,205540,334676,78,11,4405,0.3,19,0,6,19,0.99,20696,6989,6295,19
3090,5799,205540,334676,78,11,4617,0.3,19,0,6,19,0.59,20696,7054,6230,19
3150,5799,205540,334676,75,11,4786,0.3,19,0,6,19,0.65,20696,7060,6116,19
3211,25830,142760,144348,61,11,39,0.4,20,0,7,0,0.69,20696,7084,6392,20
3271,26113,170936,170936,73,11,887,0.2,20,1,8,7,1.05,20696,8040,6339,20
3331,26113,190616,203208,75,11,1350,0.2,18,0,8,13,2.76,20696,8153,5734,18
3392,26113,181744,203208,78,11,1495,0.5,19,0,8,17,3.77,20696,8175,6154,19
3460,19307,135640,135640,21,10,15,0.2,0,0,9,0,3.97,20388,8364,-1,-1
3521,19307,176828,176828,56,11,666,0.2,11,0,9,10,2.51,20696,8371,3599,11
3582,19307,210308,211200,88,11,1423,0.4,20,0,9,18,1.31,20696,8377,6363,20
3643,19307,225508,231364,81,11,2104,0.8,19,1,9,15,2.52,20696,8382,6254,19
3704,19307,225660,231364,80,11,2915,2.1,18,1,9,15,3.71,20696,8454,5945,18
3765,19307,203200,487032,82,11,3708,0.5,19,0,9,18,3.62,20696,8654,6301,19
3825,10487,167144,167144,67,11,253,0.3,19,1,10,3,4.09,20696,8748,6295,19
3885,10487,193572,212440,76,11,1000,0.3,20,0,10,8,4.18,20696,8842,6598,20
3946,10487,217288,222560,80,11,1241,0.2,20,0,10,13,2.85,20696,8985,6598,20
4007,10487,210748,222744,74,11,1530,0.4,19,0,10,14,2.83,20696,9222,6256,19
4068,24030,179476,180720,64,11,398,0.2,17,0,11,0,1.51,24696,9256,5645,17
4128,24030,211464,211464,81,11,1280,0.5,20,2,11,7,1.62,20696,9275,6466,20
4189,24030,216940,218040,83,11,1941,0.6,19,0,11,8,1.40,20696,9323,6236,19
4249,24030,198624,236796,80,11,2279,0.2,19,0,11,11,1.62,20696,9568,6228,19
4310,24030,194764,236796,78,11,2432,0.3,19,0,11,13,1.12,20696,9590,6516,20
4370,24030,191660,236796,76,11,2578,0.6,18,0,11,15,1.16,20696,9595,5788,18
4431,24030,190584,236796,82,11,2751,0.3,20,0,11,17,1.51,20696,9665,6539,20
4492,24030,190708,236796,78,11,3122,0.4,19,0,11,16,2.02,20696,10164,6210,19
4552,24030,191492,236796,80,11,3271,1.8,19,0,11,17,1.90,20696,10170,6211,19
4613,24030,190708,236796,79,11,3802,0.5,19,0,11,19,1.84,20696,11024,6223,19
4674,24030,190708,236796,76,11,4555,0.2,18,0,11,18,1.75,20696,12336,5991,18
4734,24030,190856,236796,79,11,4721,0.9,19,0,11,19,1.91,24696,12366,6238,19
4795,3206,189416,189416,69,11,587,0.3,19,1,12,5,1.70,20696,12389,6292,19
4855,3206,198720,204640,77,11,1140,0.6,19,0,12,9,1.70,20696,12394,6224,19
4916,3206,226188,231292,87,11,2195,1.5,19,0,12,15,1.74,20696,12477,6162,19
4977,6389,140616,141728,61,11,39,0.2,20,0,13,0,0.99,20388,12501,6523,20
5037,6389,184432,250560,68,11,699,0.3,18,0,13,6,1.25,20696,12639,6299,19
5098,6389,174596,250560,76,11,933,0.6,20,0,13,12,1.18,20696,12736,6456,20
5159,6389,173228,250560,71,11,1074,0.4,18,0,13,13,0.93,20696,12740,5940,18
5219,6389,170544,250560,77,11,1253,0.3,19,0,13,17,0.84,20696,12776,6320,19
5279,6389,170740,250560,79,11,1415,0.3,20,0,13,18,1.64,20696,12829,6525,20
5340,6389,170740,250560,81,11,1549,0.4,20,0,13,19,3.44,20696,12856,6527,20
5401,6389,183604,250560,84,11,2029,0.2,20,0,13,20,4.42,20696,13473,6453,20
5462,6531,164724,164724,44,11,396,0.3,8,1,14,6,3.44,20696,13491,2811,8
5522,6531,203724,203776,79,11,1181,0.3,19,1,14,15,2.92,20696,13514,6227,19
5583,6531,214652,214652,88,11,1984,0.5,20,1,14,16,2.07,20696,13521,6395,20
5644,6531,209652,237512,84,11,2444,1.3,18,0,14,15,1.96,20696,13678,5894,18
5704,6531,199904,237512,83,11,2569,0.5,19,0,14,18,2.48,20696,13681,6091,19
5765,6531,194456,237512,84,11,2751,0.2,20,0,14,19,2.32,20696,13759,6460,20
5826,6531,193940,237512,80,11,3123,0.3,19,0,14,19,2.63,20696,14254,6232,19
5886,30983,145772,145772,64,11,83,0.4,19,0,15,2,1.99,20388,14278,6223,19
5948,30983,199640,202820,71,11,1203,0.5,18,0,15,9,1.62,20696,15005,5929,18
6017,32615,151800,153796,60,11,79,0.3,19,0,16,0,1.27,20388,15062,6216,19
6078,32615,194132,195072,80,11,1014,0.3,19,0,16,8,1.38,20696,15518,6219,19
6138,32615,208640,732052,86,11,2361,0.4,20,1,16,10,1.22,20696,15541,6097,19
6198,32615,201208,732052,85,11,3102,0.2,20,0,16,13,1.13,20696,15752,6373,20
6259,32615,197056,732052,76,11,3623,4.4,18,0,16,12,1.51,20696,16551,5941,18
6321,4292,165928,169520,61,11,99,0.5,20,0,17,0,1.21,20388,16589,6462,20
6382,4292,203196,203708,73,11,844,0.4,19,0,17,6,0.85,20696,16619,6233,19
6442,4292,202488,213712,80,11,1701,0.2,19,0,17,11,1.36,24696,16674,6164,19
6503,4292,193276,213712,76,11,1874,0.4,19,0,17,15,1.16,20696,16693,6164,19
6563,4292,186364,213712,77,11,2206,0.4,19,0,17,18,1.31,20696,17070,6168,19
6624,4292,185564,213712,75,11,2352,0.6,18,0,17,18,1.11,20696,17076,5942,18
6684,4292,187908,213712,81,11,2527,0.5,20,0,17,20,1.19,22896,17136,6462,20
6744,4292,190888,213712,81,11,2667,0.2,20,0,17,20,1.10,20696,17140,6459,20
6805,4292,190888,213712,81,11,2840,0.5,20,0,17,20,0.52,20696,17195,6455,20
6866,14177,149436,149436,59,11,104,0.3,18,0,18,1,1.05,20388,17226,6029,18
6926,14177,187208,188884,85,11,1190,2.1,20,1,18,7,1.19,20696,17996,6444,20
6991,15727,165292,168796,58,11,149,0.5,18,0,19,1,1.45,20388,18119,5779,18
7052,15727,198688,198688,72,11,958,0.3,20,2,19,8,1.67,20696,18134,6395,20
7112,15727,202504,211188,74,11,1308,0.3,19,0,19,11,1.26,20696,18284,6164,19
7173,15727,199056,211188,77,11,1431,0.2,20,0,19,12,1.21,20696,18288,6524,20
